dteday,season,yr,mnth,holiday,weekday,workingday,weathersit,temp,hum,windspeed,casual,registered,cnt,pengelompokan
2011-01-01,Spring,0,1,0,6,0,Cloudy,0.344167,80.58330000000001,10.749882,331,654,985,Rendah
2011-01-02,Spring,0,1,0,0,0,Cloudy,0.363478,69.6087,16.652113,131,670,801,Rendah
2011-01-03,Spring,0,1,0,1,1,Clear,0.196364,43.7273,16.636703,120,1229,1349,Rendah
2011-01-04,Spring,0,1,0,2,1,Clear,0.2,59.0435,10.739832,108,1454,1562,Rendah
2011-01-05,Spring,0,1,0,3,1,Clear,0.226957,43.695699999999995,12.522300000000001,82,1518,1600,Rendah
2011-01-06,Spring,0,1,0,4,1,Clear,0.204348,51.8261,6.0008684,88,1518,1606,Rendah
2011-01-07,Spring,0,1,0,5,1,Cloudy,0.196522,49.8696,11.304642,148,1362,1510,Rendah
2011-01-08,Spring,0,1,0,6,0,Cloudy,0.165,53.5833,17.875868,68,891,959,Rendah
2011-01-09,Spring,0,1,0,0,0,Clear,0.138333,43.416700000000006,24.25065,54,768,822,Rendah
2011-01-10,Spring,0,1,0,1,1,Clear,0.150833,48.2917,14.958889,41,1280,1321,Rendah
2011-01-11,Spring,0,1,0,2,1,Cloudy,0.169091,68.6364,8.182844000000001,43,1220,1263,Rendah
2011-01-12,Spring,0,1,0,3,1,Clear,0.172727,59.954499999999996,20.410009,25,1137,1162,Rendah
2011-01-13,Spring,0,1,0,4,1,Clear,0.165,47.0417,20.166999999999998,38,1368,1406,Rendah
2011-01-14,Spring,0,1,0,5,1,Clear,0.16087,53.7826,8.478716,54,1367,1421,Rendah
2011-01-15,Spring,0,1,0,6,0,Cloudy,0.233333,49.875,10.583521,222,1026,1248,Rendah
2011-01-16,Spring,0,1,0,0,0,Clear,0.231667,48.375,12.625010999999999,251,953,1204,Rendah
2011-01-17,Spring,0,1,1,1,0,Cloudy,0.175833,53.75,12.999139,117,883,1000,Rendah
2011-01-18,Spring,0,1,0,2,1,Cloudy,0.216667,86.16669999999999,9.833924999999999,9,674,683,Rendah
2011-01-19,Spring,0,1,0,3,1,Cloudy,0.292174,74.1739,13.957239,78,1572,1650,Rendah
2011-01-20,Spring,0,1,0,4,1,Cloudy,0.261667,53.833299999999994,13.125568,83,1844,1927,Rendah
2011-01-21,Spring,0,1,0,5,1,Clear,0.1775,45.7083,23.667214,75,1468,1543,Rendah
2011-01-22,Spring,0,1,0,6,0,Clear,0.0591304,40.0,11.52199,93,888,981,Rendah
2011-01-23,Spring,0,1,0,0,0,Clear,0.0965217,43.6522,16.5222,150,836,986,Rendah
2011-01-24,Spring,0,1,0,1,1,Clear,0.0973913,49.173899999999996,10.60811,86,1330,1416,Rendah
2011-01-25,Spring,0,1,0,2,1,Cloudy,0.223478,61.695699999999995,8.696332,186,1799,1985,Rendah
2011-01-26,Spring,0,1,0,3,1,Light Rain/Snow,0.2175,86.25,19.68795,34,472,506,Rendah
2011-01-27,Spring,0,1,0,4,1,Clear,0.195,68.75,7.627078999999999,15,416,431,Rendah
2011-01-28,Spring,0,1,0,5,1,Cloudy,0.203478,79.30430000000001,8.2611,38,1129,1167,Rendah
2011-01-29,Spring,0,1,0,6,0,Clear,0.196522,65.17389999999999,9.739455,123,975,1098,Rendah
2011-01-30,Spring,0,1,0,0,0,Clear,0.216522,72.2174,4.956834199999999,140,956,1096,Rendah
2011-01-31,Spring,0,1,0,1,1,Cloudy,0.180833,60.375,12.541864,42,1459,1501,Rendah
2011-02-01,Spring,0,2,0,2,1,Cloudy,0.192174,82.9565,3.565271,47,1313,1360,Rendah
2011-02-02,Spring,0,2,0,3,1,Cloudy,0.26,77.5417,17.708636,72,1454,1526,Rendah
2011-02-03,Spring,0,2,0,4,1,Clear,0.186957,43.7826,18.609384,61,1489,1550,Rendah
2011-02-04,Spring,0,2,0,5,1,Cloudy,0.211304,58.521699999999996,8.565213,88,1620,1708,Rendah
2011-02-05,Spring,0,2,0,6,0,Cloudy,0.233333,92.91669999999999,10.792293,100,905,1005,Rendah
2011-02-06,Spring,0,2,0,0,0,Clear,0.285833,56.833299999999994,9.5006,354,1269,1623,Rendah
2011-02-07,Spring,0,2,0,1,1,Clear,0.271667,73.83330000000001,3.0423561,120,1592,1712,Rendah
2011-02-08,Spring,0,2,0,2,1,Clear,0.220833,53.7917,24.25065,64,1466,1530,Rendah
2011-02-09,Spring,0,2,0,3,1,Cloudy,0.134783,49.4783,12.652213,53,1552,1605,Rendah
2011-02-10,Spring,0,2,0,4,1,Clear,0.144348,43.7391,14.869645,47,1491,1538,Rendah
2011-02-11,Spring,0,2,0,5,1,Clear,0.189091,50.6364,7.272849999999999,149,1597,1746,Rendah
2011-02-12,Spring,0,2,0,6,0,Clear,0.2225,54.4167,13.625589,288,1184,1472,Rendah
2011-02-13,Spring,0,2,0,0,0,Clear,0.316522,45.7391,17.479160999999998,397,1192,1589,Rendah
2011-02-14,Spring,0,2,0,1,1,Clear,0.415,37.583299999999994,27.999836,208,1705,1913,Rendah
2011-02-15,Spring,0,2,0,2,1,Clear,0.266087,31.434800000000003,19.522058,140,1675,1815,Rendah
2011-02-16,Spring,0,2,0,3,1,Clear,0.318261,42.3478,16.869996999999998,218,1897,2115,Sedang
2011-02-17,Spring,0,2,0,4,1,Clear,0.435833,50.5,15.416968,259,2216,2475,Sedang
2011-02-18,Spring,0,2,0,5,1,Clear,0.521667,51.6667,17.749975000000003,579,2348,2927,Sedang
2011-02-19,Spring,0,2,0,6,0,Clear,0.399167,18.7917,34.000021,532,1103,1635,Rendah
2011-02-20,Spring,0,2,0,0,0,Clear,0.285217,40.7826,14.956745,639,1173,1812,Rendah
2011-02-21,Spring,0,2,1,1,0,Cloudy,0.303333,60.5,20.625682,195,912,1107,Rendah
2011-02-22,Spring,0,2,0,2,1,Clear,0.182222,57.7778,13.110761,74,1376,1450,Rendah
2011-02-23,Spring,0,2,0,3,1,Clear,0.221739,42.3043,6.3055710000000005,139,1778,1917,Rendah
2011-02-24,Spring,0,2,0,4,1,Cloudy,0.295652,69.7391,16.783231999999998,100,1707,1807,Rendah
2011-02-25,Spring,0,2,0,5,1,Cloudy,0.364348,71.2174,23.218113,120,1341,1461,Rendah
2011-02-26,Spring,0,2,0,6,0,Clear,0.2825,53.7917,12.500257,424,1545,1969,Rendah
2011-02-27,Spring,0,2,0,0,0,Clear,0.343478,68.0,8.391615999999999,694,1708,2402,Sedang
2011-02-28,Spring,0,2,0,1,1,Cloudy,0.407273,87.63640000000001,19.408962,81,1365,1446,Rendah
2011-03-01,Spring,0,3,0,2,1,Clear,0.266667,53.5,14.500475,137,1714,1851,Rendah
2011-03-02,Spring,0,3,0,3,1,Clear,0.335,44.9583,20.624811,231,1903,2134,Sedang
2011-03-03,Spring,0,3,0,4,1,Clear,0.198333,31.833299999999998,15.125518000000001,123,1562,1685,Rendah
2011-03-04,Spring,0,3,0,5,1,Cloudy,0.261667,61.0417,13.624182,214,1730,1944,Rendah
2011-03-05,Spring,0,3,0,6,0,Cloudy,0.384167,78.91669999999999,16.875357,640,1437,2077,Sedang
2011-03-06,Spring,0,3,0,0,0,Cloudy,0.376522,94.8261,23.000229,114,491,605,Rendah
2011-03-07,Spring,0,3,0,1,1,Clear,0.261739,55.1304,22.870584,244,1628,1872,Rendah
2011-03-08,Spring,0,3,0,2,1,Clear,0.2925,42.0833,8.083549999999999,316,1817,2133,Sedang
2011-03-09,Spring,0,3,0,3,1,Cloudy,0.295833,77.5417,14.750050000000002,191,1700,1891,Rendah
2011-03-10,Spring,0,3,0,4,1,Light Rain/Snow,0.389091,0.0,17.545759,46,577,623,Rendah
2011-03-11,Spring,0,3,0,5,1,Cloudy,0.316522,64.95649999999999,15.60899,247,1730,1977,Rendah
2011-03-12,Spring,0,3,0,6,0,Clear,0.329167,59.458299999999994,14.791924999999999,724,1408,2132,Sedang
2011-03-13,Spring,0,3,0,0,0,Clear,0.384348,52.73910000000001,18.130468,982,1435,2417,Sedang
2011-03-14,Spring,0,3,0,1,1,Clear,0.325217,49.695699999999995,9.174042,359,1687,2046,Sedang
2011-03-15,Spring,0,3,0,2,1,Cloudy,0.317391,65.5652,12.348703,289,1767,2056,Sedang
2011-03-16,Spring,0,3,0,3,1,Cloudy,0.365217,77.65220000000001,13.608839,321,1871,2192,Sedang
2011-03-17,Spring,0,3,0,4,1,Clear,0.415,60.291700000000006,14.041792999999998,424,2320,2744,Sedang
2011-03-18,Spring,0,3,0,5,1,Clear,0.54,52.5217,15.478139,884,2355,3239,Sedang
2011-03-19,Spring,0,3,0,6,0,Clear,0.4725,37.9167,24.667189,1424,1693,3117,Sedang
2011-03-20,Spring,0,3,0,0,0,Clear,0.3325,47.375,13.917307,1047,1424,2471,Sedang
2011-03-21,Summer,0,3,0,1,1,Cloudy,0.430435,73.73910000000001,19.348461,401,1676,2077,Sedang
2011-03-22,Summer,0,3,0,2,1,Clear,0.441667,62.4583,15.125250000000001,460,2243,2703,Sedang
2011-03-23,Summer,0,3,0,3,1,Cloudy,0.346957,83.9565,15.695487,203,1918,2121,Sedang
2011-03-24,Summer,0,3,0,4,1,Cloudy,0.285,80.58330000000001,16.333729,166,1699,1865,Rendah
2011-03-25,Summer,0,3,0,5,1,Clear,0.264167,49.5,15.458575000000002,300,1910,2210,Sedang
2011-03-26,Summer,0,3,0,6,0,Clear,0.265833,39.4167,14.041257,981,1515,2496,Sedang
2011-03-27,Summer,0,3,0,0,0,Cloudy,0.253043,49.3913,12.348099999999999,472,1221,1693,Rendah
2011-03-28,Summer,0,3,0,1,1,Clear,0.264348,30.2174,14.217668,222,1806,2028,Sedang
2011-03-29,Summer,0,3,0,2,1,Clear,0.3025,31.4167,15.208732,317,2108,2425,Sedang
2011-03-30,Summer,0,3,0,3,1,Cloudy,0.3,64.6667,11.583495999999998,168,1368,1536,Rendah
2011-03-31,Summer,0,3,0,4,1,Light Rain/Snow,0.268333,91.8333,14.582282000000001,179,1506,1685,Rendah
2011-04-01,Summer,0,4,0,5,1,Cloudy,0.3,68.625,17.333436,307,1920,2227,Sedang
2011-04-02,Summer,0,4,0,6,0,Cloudy,0.315,65.375,13.208782,898,1354,2252,Sedang
2011-04-03,Summer,0,4,0,0,0,Clear,0.378333,48.0,12.208271000000002,1651,1598,3249,Sedang
2011-04-04,Summer,0,4,0,1,1,Clear,0.573333,42.625,25.833257,734,2381,3115,Sedang
2011-04-05,Summer,0,4,0,2,1,Cloudy,0.414167,64.2083,26.000488999999998,167,1628,1795,Rendah
2011-04-06,Summer,0,4,0,3,1,Clear,0.390833,47.0833,17.625221,413,2395,2808,Sedang
2011-04-07,Summer,0,4,0,4,1,Clear,0.4375,60.291700000000006,10.874904,571,2570,3141,Sedang
2011-04-08,Summer,0,4,0,5,1,Cloudy,0.335833,83.625,15.208464,172,1299,1471,Rendah
2011-04-09,Summer,0,4,0,6,0,Cloudy,0.3425,87.75,8.916561,879,1576,2455,Sedang
2011-04-10,Summer,0,4,0,0,0,Cloudy,0.426667,85.75,9.833389,1188,1707,2895,Sedang
2011-04-11,Summer,0,4,0,1,1,Cloudy,0.595652,71.6956,21.739758,855,2493,3348,Sedang
2011-04-12,Summer,0,4,0,2,1,Cloudy,0.5025,73.9167,18.416892999999998,257,1777,2034,Sedang
2011-04-13,Summer,0,4,0,3,1,Cloudy,0.4125,81.91669999999999,16.791338999999997,209,1953,2162,Sedang
2011-04-14,Summer,0,4,0,4,1,Clear,0.4675,54.041700000000006,7.4169,529,2738,3267,Sedang
2011-04-15,Summer,0,4,1,5,0,Clear,0.446667,67.125,15.167124999999999,642,2484,3126,Sedang
2011-04-16,Summer,0,4,0,6,0,Light Rain/Snow,0.430833,88.83330000000001,22.834136,121,674,795,Rendah
2011-04-17,Summer,0,4,0,0,0,Clear,0.456667,47.9583,20.334232,1558,2186,3744,Sedang
2011-04-18,Summer,0,4,0,1,1,Clear,0.5125,54.25,10.958988999999999,669,2760,3429,Sedang
2011-04-19,Summer,0,4,0,2,1,Cloudy,0.505833,66.5833,10.584057,409,2795,3204,Sedang
2011-04-20,Summer,0,4,0,3,1,Clear,0.595,61.4167,16.208975,613,3331,3944,Sedang
2011-04-21,Summer,0,4,0,4,1,Clear,0.459167,40.708299999999994,21.792286,745,3444,4189,Sedang
2011-04-22,Summer,0,4,0,5,1,Cloudy,0.336667,72.9583,14.707906999999999,177,1506,1683,Rendah
2011-04-23,Summer,0,4,0,6,0,Cloudy,0.46,88.79169999999999,15.458575000000002,1462,2574,4036,Sedang
2011-04-24,Summer,0,4,0,0,0,Cloudy,0.581667,81.08330000000001,12.875725000000001,1710,2481,4191,Sedang
2011-04-25,Summer,0,4,0,1,1,Clear,0.606667,77.6667,12.417311,773,3300,4073,Sedang
2011-04-26,Summer,0,4,0,2,1,Clear,0.631667,72.9167,21.875500000000002,678,3722,4400,Sedang
2011-04-27,Summer,0,4,0,3,1,Cloudy,0.62,83.54169999999999,20.917399999999997,547,3325,3872,Sedang
2011-04-28,Summer,0,4,0,4,1,Cloudy,0.6175,70.08330000000001,21.500836000000003,569,3489,4058,Sedang
2011-04-29,Summer,0,4,0,5,1,Clear,0.51,45.7083,16.084221,878,3717,4595,Sedang
2011-04-30,Summer,0,4,0,6,0,Clear,0.4725,50.3333,15.750025,1965,3347,5312,Tinggi
2011-05-01,Summer,0,5,0,0,0,Cloudy,0.451667,76.2083,7.125718,1138,2213,3351,Sedang
2011-05-02,Summer,0,5,0,1,1,Cloudy,0.549167,73.0,12.291418,847,3554,4401,Sedang
2011-05-03,Summer,0,5,0,2,1,Cloudy,0.616667,69.7083,22.958689,603,3848,4451,Sedang
2011-05-04,Summer,0,5,0,3,1,Cloudy,0.414167,73.70830000000001,22.042732,255,2378,2633,Sedang
2011-05-05,Summer,0,5,0,4,1,Clear,0.459167,44.4167,19.791263999999998,614,3819,4433,Sedang
2011-05-06,Summer,0,5,0,5,1,Clear,0.479167,59.0,15.292482,894,3714,4608,Sedang
2011-05-07,Summer,0,5,0,6,0,Clear,0.52,54.125,10.750150000000001,1612,3102,4714,Sedang
2011-05-08,Summer,0,5,0,0,0,Clear,0.528333,63.1667,5.0007125,1401,2932,4333,Sedang
2011-05-09,Summer,0,5,0,1,1,Clear,0.5325,58.875,11.792,664,3698,4362,Sedang
2011-05-10,Summer,0,5,0,2,1,Clear,0.5325,48.9167,7.749956999999999,694,4109,4803,Sedang
2011-05-11,Summer,0,5,0,3,1,Clear,0.5425,63.29169999999999,8.083014,550,3632,4182,Sedang
2011-05-12,Summer,0,5,0,4,1,Clear,0.535,74.75,12.707689,695,4169,4864,Sedang
2011-05-13,Summer,0,5,0,5,1,Cloudy,0.5125,86.33330000000001,12.041575,692,3413,4105,Sedang
2011-05-14,Summer,0,5,0,6,0,Cloudy,0.520833,92.25,9.041649999999999,902,2507,3409,Sedang
2011-05-15,Summer,0,5,0,0,0,Cloudy,0.5625,86.70830000000001,10.249593,1582,2971,4553,Sedang
2011-05-16,Summer,0,5,0,1,1,Clear,0.5775,78.79169999999999,8.500357000000001,773,3185,3958,Sedang
2011-05-17,Summer,0,5,0,2,1,Cloudy,0.561667,83.7917,18.582718,678,3445,4123,Sedang
2011-05-18,Summer,0,5,0,3,1,Cloudy,0.55,87.0,13.499964,536,3319,3855,Sedang
2011-05-19,Summer,0,5,0,4,1,Cloudy,0.530833,82.9583,7.250271000000001,735,3840,4575,Sedang
2011-05-20,Summer,0,5,0,5,1,Clear,0.536667,71.9583,8.375871,909,4008,4917,Sedang
2011-05-21,Summer,0,5,0,6,0,Clear,0.6025,62.6667,8.083549999999999,2258,3547,5805,Tinggi
2011-05-22,Summer,0,5,0,0,0,Clear,0.604167,74.9583,9.916536,1576,3084,4660,Sedang
2011-05-23,Summer,0,5,0,1,1,Cloudy,0.631667,81.0,15.667413999999999,836,3438,4274,Sedang
2011-05-24,Summer,0,5,0,2,1,Cloudy,0.66,74.0833,13.875164,659,3833,4492,Sedang
2011-05-25,Summer,0,5,0,3,1,Clear,0.660833,69.625,10.333611000000001,740,4238,4978,Sedang
2011-05-26,Summer,0,5,0,4,1,Clear,0.708333,67.75,13.376014,758,3919,4677,Sedang
2011-05-27,Summer,0,5,0,5,1,Clear,0.681667,65.375,16.125493,871,3808,4679,Sedang
2011-05-28,Summer,0,5,0,6,0,Clear,0.655833,72.9583,15.416164,2001,2757,4758,Sedang
2011-05-30,Summer,0,5,1,1,0,Clear,0.733333,68.5,8.792075,1549,2549,4098,Sedang
2011-05-31,Summer,0,5,0,2,1,Clear,0.775,63.6667,7.459042999999999,673,3309,3982,Sedang
2011-06-01,Summer,0,6,0,3,1,Cloudy,0.764167,67.7083,13.875164,513,3461,3974,Sedang
2011-06-02,Summer,0,6,0,4,1,Clear,0.715,30.5,19.583229000000003,736,4232,4968,Sedang
2011-06-03,Summer,0,6,0,5,1,Clear,0.62,35.4167,16.959107,898,4414,5312,Tinggi
2011-06-04,Summer,0,6,0,6,0,Clear,0.635,45.625,8.250514,1869,3473,5342,Tinggi
2011-06-05,Summer,0,6,0,0,0,Cloudy,0.648333,65.25,9.292364000000001,1685,3221,4906,Sedang
2011-06-06,Summer,0,6,0,1,1,Clear,0.678333,60.0,8.167032,673,3875,4548,Sedang
2011-06-07,Summer,0,6,0,2,1,Clear,0.7075,59.791700000000006,12.583136,763,4070,4833,Sedang
2011-06-08,Summer,0,6,0,3,1,Clear,0.775833,62.20830000000001,9.166739,676,3725,4401,Sedang
2011-06-09,Summer,0,6,0,4,1,Cloudy,0.808333,56.833299999999994,10.042161,563,3352,3915,Sedang
2011-06-10,Summer,0,6,0,5,1,Clear,0.755,60.5,9.417118,815,3771,4586,Sedang
2011-06-11,Summer,0,6,0,6,0,Clear,0.725,65.45830000000001,10.374949999999998,1729,3237,4966,Sedang
2011-06-12,Summer,0,6,0,0,0,Clear,0.6925,74.7917,10.958988999999999,1467,2993,4460,Sedang
2011-06-13,Summer,0,6,0,1,1,Clear,0.635,49.4583,20.45845,863,4157,5020,Tinggi
2011-06-14,Summer,0,6,0,2,1,Clear,0.604167,50.708299999999994,18.041961,727,4164,4891,Sedang
2011-06-15,Summer,0,6,0,3,1,Clear,0.626667,47.1667,11.250104,769,4411,5180,Tinggi
2011-06-16,Summer,0,6,0,4,1,Cloudy,0.628333,68.8333,13.833556999999999,545,3222,3767,Sedang
2011-06-17,Summer,0,6,0,5,1,Clear,0.649167,73.5833,9.582942999999998,863,3981,4844,Sedang
2011-06-18,Summer,0,6,0,6,0,Clear,0.696667,67.0417,8.000336,1807,3312,5119,Tinggi
2011-06-19,Summer,0,6,0,0,0,Cloudy,0.699167,66.6667,6.834,1639,3105,4744,Sedang
2011-06-20,Summer,0,6,0,1,1,Cloudy,0.635,74.625,10.416825,699,3311,4010,Sedang
2011-06-21,Fall,0,6,0,2,1,Cloudy,0.680833,77.0417,11.458675000000001,774,4061,4835,Sedang
2011-06-22,Fall,0,6,0,3,1,Clear,0.733333,70.75,11.541554,661,3846,4507,Sedang
2011-06-23,Fall,0,6,0,4,1,Cloudy,0.728333,70.3333,15.999868,746,4044,4790,Sedang
2011-06-24,Fall,0,6,0,5,1,Clear,0.724167,57.3333,14.875675,969,4022,4991,Sedang
2011-06-25,Fall,0,6,0,6,0,Clear,0.695,48.3333,14.041257,1782,3420,5202,Tinggi
2011-06-26,Fall,0,6,0,0,0,Clear,0.68,51.3333,6.3337311,1920,3385,5305,Tinggi
2011-06-27,Fall,0,6,0,1,1,Cloudy,0.6825,65.8333,7.2083960000000005,854,3854,4708,Sedang
2011-06-28,Fall,0,6,0,2,1,Clear,0.744167,63.416700000000006,9.666960999999999,732,3916,4648,Sedang
2011-06-29,Fall,0,6,0,3,1,Clear,0.728333,49.7917,17.542007,848,4377,5225,Tinggi
2011-06-30,Fall,0,6,0,4,1,Clear,0.696667,43.416700000000006,12.415904000000001,1027,4488,5515,Tinggi
2011-07-01,Fall,0,7,0,5,1,Clear,0.7225,39.625,6.874736,1246,4116,5362,Tinggi
2011-07-02,Fall,0,7,0,6,0,Clear,0.738333,44.4583,7.709154,2204,2915,5119,Tinggi
2011-07-05,Fall,0,7,0,2,1,Clear,0.746667,59.0417,8.459286,1031,3634,4665,Sedang
2011-07-06,Fall,0,7,0,3,1,Clear,0.72,74.33330000000001,10.042161,784,3845,4629,Sedang
2011-07-07,Fall,0,7,0,4,1,Clear,0.75,65.125,10.666400000000001,754,3838,4592,Sedang
2011-07-08,Fall,0,7,0,5,1,Cloudy,0.709167,75.79169999999999,15.083643,692,3348,4040,Sedang
2011-07-09,Fall,0,7,0,6,0,Clear,0.733333,60.9167,11.250104,1988,3348,5336,Tinggi
2011-07-10,Fall,0,7,0,0,0,Clear,0.7475,57.8333,12.292557,1743,3138,4881,Sedang
2011-07-11,Fall,0,7,0,1,1,Clear,0.7625,63.5833,18.916579,723,3363,4086,Sedang
2011-07-12,Fall,0,7,0,2,1,Clear,0.794167,55.9167,13.417017999999999,662,3596,4258,Sedang
2011-07-13,Fall,0,7,0,3,1,Clear,0.746667,63.1667,9.790911000000001,748,3594,4342,Sedang
2011-07-14,Fall,0,7,0,4,1,Clear,0.680833,47.625,16.124689,888,4196,5084,Tinggi
2011-07-15,Fall,0,7,0,5,1,Clear,0.663333,59.12500000000001,12.249811,1318,4220,5538,Tinggi
2011-07-17,Fall,0,7,0,0,0,Clear,0.719167,60.4167,16.417211,2006,3296,5302,Tinggi
2011-07-18,Fall,0,7,0,1,1,Clear,0.746667,65.125,14.458867999999999,841,3617,4458,Sedang
2011-07-19,Fall,0,7,0,2,1,Clear,0.776667,65.0417,8.7502,752,3789,4541,Sedang
2011-07-20,Fall,0,7,0,3,1,Clear,0.768333,70.70830000000001,7.625739,644,3688,4332,Sedang
2011-07-21,Fall,0,7,0,4,1,Cloudy,0.815,69.125,14.875407,632,3152,3784,Sedang
2011-07-22,Fall,0,7,0,5,1,Clear,0.848333,58.0417,8.9177,562,2825,3387,Sedang
2011-07-23,Fall,0,7,0,6,0,Clear,0.849167,50.0,8.791807,987,2298,3285,Sedang
2011-07-24,Fall,0,7,0,0,0,Clear,0.83,55.0833,11.334456999999999,1050,2556,3606,Sedang
2011-07-25,Fall,0,7,0,1,1,Clear,0.743333,75.7083,6.0841560999999995,568,3272,3840,Sedang
2011-07-26,Fall,0,7,0,2,1,Clear,0.771667,54.0833,13.417285999999999,750,3840,4590,Sedang
2011-07-27,Fall,0,7,0,3,1,Clear,0.775,40.291700000000006,12.292020999999998,755,3901,4656,Sedang
2011-07-28,Fall,0,7,0,4,1,Clear,0.779167,58.3333,11.958093,606,3784,4390,Sedang
2011-07-29,Fall,0,7,0,5,1,Clear,0.838333,54.25,11.667245999999999,670,3176,3846,Sedang
2011-07-30,Fall,0,7,0,6,0,Clear,0.804167,46.5833,11.291979,1559,2916,4475,Sedang
2011-07-31,Fall,0,7,0,0,0,Clear,0.805833,48.0833,11.042470999999999,1524,2778,4302,Sedang
2011-08-01,Fall,0,8,0,1,1,Clear,0.771667,55.0833,10.500039,729,3537,4266,Sedang
2011-08-02,Fall,0,8,0,2,1,Clear,0.783333,49.125,13.79195,801,4044,4845,Sedang
2011-08-03,Fall,0,8,0,3,1,Cloudy,0.731667,65.75,9.084061,467,3107,3574,Sedang
2011-08-04,Fall,0,8,0,4,1,Cloudy,0.71,75.75,13.20905,799,3777,4576,Sedang
2011-08-05,Fall,0,8,0,5,1,Clear,0.710833,63.083299999999994,12.374632,1023,3843,4866,Sedang
2011-08-06,Fall,0,8,0,6,0,Cloudy,0.716667,75.5,15.29275,1521,2773,4294,Sedang
2011-08-07,Fall,0,8,0,0,0,Clear,0.7425,75.29169999999999,13.499629,1298,2487,3785,Sedang
2011-08-08,Fall,0,8,0,1,1,Clear,0.765,59.2083,12.875725000000001,846,3480,4326,Sedang
2011-08-09,Fall,0,8,0,2,1,Clear,0.775,57.04169999999999,10.125107,907,3695,4602,Sedang
2011-08-10,Fall,0,8,0,3,1,Clear,0.766667,42.4167,13.417285999999999,884,3896,4780,Sedang
2011-08-11,Fall,0,8,0,4,1,Clear,0.7175,42.375,11.041332,812,3980,4792,Sedang
2011-08-12,Fall,0,8,0,5,1,Clear,0.708333,41.5,8.416607,1051,3854,4905,Sedang
2011-08-13,Fall,0,8,0,6,0,Cloudy,0.685833,72.9583,14.167418,1504,2646,4150,Sedang
2011-08-14,Fall,0,8,0,0,0,Cloudy,0.676667,81.75,14.916411,1338,2482,3820,Sedang
2011-08-15,Fall,0,8,0,1,1,Clear,0.665833,71.20830000000001,13.999918,775,3563,4338,Sedang
2011-08-16,Fall,0,8,0,2,1,Clear,0.700833,57.8333,15.834043000000001,721,4004,4725,Sedang
2011-08-17,Fall,0,8,0,3,1,Clear,0.723333,57.5417,9.625689,668,4026,4694,Sedang
2011-08-18,Fall,0,8,0,4,1,Clear,0.711667,65.45830000000001,15.624936,639,3166,3805,Sedang
2011-08-19,Fall,0,8,0,5,1,Cloudy,0.685,72.2917,9.333635999999998,797,3356,4153,Sedang
2011-08-20,Fall,0,8,0,6,0,Clear,0.6975,67.41669999999999,6.999289,1914,3277,5191,Tinggi
2011-08-21,Fall,0,8,0,0,0,Clear,0.710833,77.0,16.666518,1249,2624,3873,Sedang
2011-08-22,Fall,0,8,0,1,1,Clear,0.691667,47.0,18.54225,833,3925,4758,Sedang
2011-08-23,Fall,0,8,0,2,1,Clear,0.640833,45.5417,9.833121,1281,4614,5895,Tinggi
2011-08-24,Fall,0,8,0,3,1,Clear,0.673333,60.5,16.958236,949,4181,5130,Tinggi
2011-08-25,Fall,0,8,0,4,1,Cloudy,0.684167,77.1667,14.125810999999999,435,3107,3542,Sedang
2011-08-26,Fall,0,8,0,5,1,Clear,0.7,76.125,5.625487499999999,768,3893,4661,Sedang
2011-08-27,Fall,0,8,0,6,0,Cloudy,0.68,85.0,25.166338999999997,226,889,1115,Rendah
2011-08-28,Fall,0,8,0,0,0,Clear,0.707059,56.1765,20.412153,1415,2919,4334,Sedang
2011-08-29,Fall,0,8,0,1,1,Clear,0.636667,55.45830000000001,10.708275,729,3905,4634,Sedang
2011-08-30,Fall,0,8,0,2,1,Clear,0.639167,54.833299999999994,8.375536,775,4429,5204,Tinggi
2011-08-31,Fall,0,8,0,3,1,Clear,0.656667,59.791700000000006,5.5833311,688,4370,5058,Tinggi
2011-09-01,Fall,0,9,0,4,1,Clear,0.655,63.916700000000006,9.500332,783,4332,5115,Tinggi
2011-09-02,Fall,0,9,0,5,1,Cloudy,0.643333,72.70830000000001,9.375243,875,3852,4727,Sedang
2011-09-03,Fall,0,9,0,6,0,Clear,0.669167,71.6667,12.416775,1935,2549,4484,Sedang
2011-09-05,Fall,0,9,1,1,0,Cloudy,0.673333,79.0417,14.250632,1236,2115,3351,Sedang
2011-09-06,Fall,0,9,0,2,1,Light Rain/Snow,0.54,88.6957,23.044181,204,2506,2710,Sedang
2011-09-07,Fall,0,9,0,3,1,Light Rain/Snow,0.599167,91.7083,6.500393600000001,118,1878,1996,Rendah
2011-09-08,Fall,0,9,0,4,1,Light Rain/Snow,0.633913,93.9565,12.914116,153,1689,1842,Rendah
2011-09-09,Fall,0,9,0,5,1,Cloudy,0.65,89.79169999999999,8.333393000000001,417,3127,3544,Sedang
2011-09-10,Fall,0,9,0,6,0,Clear,0.66,75.375,10.291736,1750,3595,5345,Tinggi
2011-09-11,Fall,0,9,0,0,0,Clear,0.653333,71.375,7.708618,1633,3413,5046,Tinggi
2011-09-12,Fall,0,9,0,1,1,Clear,0.644348,69.2174,5.957171000000001,690,4023,4713,Sedang
2011-09-13,Fall,0,9,0,2,1,Clear,0.650833,71.25,9.500868,701,4062,4763,Sedang
2011-09-14,Fall,0,9,0,3,1,Clear,0.673333,69.7083,11.2091,647,4138,4785,Sedang
2011-09-15,Fall,0,9,0,4,1,Cloudy,0.5775,70.9167,18.166782,428,3231,3659,Sedang
2011-09-16,Fall,0,9,0,5,1,Cloudy,0.469167,59.0417,11.000261,742,4018,4760,Sedang
2011-09-17,Fall,0,9,0,6,0,Cloudy,0.491667,71.8333,12.708225,1434,3077,4511,Sedang
2011-09-18,Fall,0,9,0,0,0,Clear,0.5075,69.5,11.958361,1353,2921,4274,Sedang
2011-09-19,Fall,0,9,0,1,1,Cloudy,0.549167,69.0,10.166713999999999,691,3848,4539,Sedang
2011-09-20,Fall,0,9,0,2,1,Cloudy,0.561667,88.125,9.041917999999999,438,3203,3641,Sedang
2011-09-21,Fall,0,9,0,3,1,Cloudy,0.595,90.0,6.4590814,539,3813,4352,Sedang
2011-09-22,Fall,0,9,0,4,1,Cloudy,0.628333,90.2083,8.584375,555,4240,4795,Sedang
2011-09-23,Winter,0,9,0,5,1,Cloudy,0.609167,97.25,5.2505689,258,2137,2395,Sedang
2011-09-24,Winter,0,9,0,6,0,Cloudy,0.606667,86.25,5.2516811,1776,3647,5423,Tinggi
2011-09-25,Winter,0,9,0,0,0,Cloudy,0.634167,84.5,3.3754064,1544,3466,5010,Tinggi
2011-09-26,Winter,0,9,0,1,1,Cloudy,0.649167,84.8333,7.4169,684,3946,4630,Sedang
2011-09-27,Winter,0,9,0,2,1,Cloudy,0.636667,88.5417,7.917457,477,3643,4120,Sedang
2011-09-28,Winter,0,9,0,3,1,Cloudy,0.635,84.875,9.958143000000002,480,3427,3907,Sedang
2011-09-29,Winter,0,9,0,4,1,Clear,0.616667,69.91669999999999,11.583161,653,4186,4839,Sedang
2011-09-30,Winter,0,9,0,5,1,Clear,0.564167,64.75,13.833825,830,4372,5202,Tinggi
2011-10-01,Winter,0,10,0,6,0,Cloudy,0.41,75.375,19.583832,480,1949,2429,Sedang
2011-10-02,Winter,0,10,0,0,0,Cloudy,0.356667,79.1667,14.874870999999999,616,2302,2918,Sedang
2011-10-03,Winter,0,10,0,1,1,Cloudy,0.384167,76.0833,5.5841686,330,3240,3570,Sedang
2011-10-04,Winter,0,10,0,2,1,Clear,0.484167,71.0,13.792218,486,3970,4456,Sedang
2011-10-05,Winter,0,10,0,3,1,Clear,0.538333,64.79169999999999,11.87575,559,4267,4826,Sedang
2011-10-06,Winter,0,10,0,4,1,Clear,0.494167,62.083299999999994,9.041917999999999,639,4126,4765,Sedang
2011-10-07,Winter,0,10,0,5,1,Clear,0.510833,68.41669999999999,1.5002439,949,4036,4985,Sedang
2011-10-08,Winter,0,10,0,6,0,Clear,0.521667,70.125,3.0420814,2235,3174,5409,Tinggi
2011-10-10,Winter,0,10,1,1,0,Clear,0.570833,73.375,2.8343814,1514,3603,5117,Tinggi
2011-10-11,Winter,0,10,0,2,1,Cloudy,0.566667,80.875,9.583814,667,3896,4563,Sedang
2011-10-12,Winter,0,10,0,3,1,Light Rain/Snow,0.543333,90.625,16.62605,217,2199,2416,Sedang
2011-10-13,Winter,0,10,0,4,1,Cloudy,0.589167,89.6667,9.499729,290,2623,2913,Sedang
2011-10-14,Winter,0,10,0,5,1,Cloudy,0.550833,71.625,15.000161,529,3115,3644,Sedang
2011-10-15,Winter,0,10,0,6,0,Clear,0.506667,48.3333,17.291561,1899,3318,5217,Tinggi
2011-10-16,Winter,0,10,0,0,0,Clear,0.511667,48.6667,18.875039,1748,3293,5041,Tinggi
2011-10-17,Winter,0,10,0,1,1,Clear,0.534167,57.958299999999994,11.750393,713,3857,4570,Sedang
2011-10-18,Winter,0,10,0,2,1,Cloudy,0.5325,70.1667,7.375829,637,4111,4748,Sedang
2011-10-19,Winter,0,10,0,3,1,Light Rain/Snow,0.541739,89.52170000000001,16.303713,254,2170,2424,Sedang
2011-10-20,Winter,0,10,0,4,1,Clear,0.475833,63.625,28.292425,471,3724,4195,Sedang
2011-10-21,Winter,0,10,0,5,1,Clear,0.4275,57.4167,14.833532,676,3628,4304,Sedang
2011-10-22,Winter,0,10,0,6,0,Clear,0.4225,62.916700000000006,6.2086689,1499,2809,4308,Sedang
2011-10-23,Winter,0,10,0,0,0,Clear,0.421667,74.125,6.6673375,1619,2762,4381,Sedang
2011-10-24,Winter,0,10,0,1,1,Clear,0.463333,77.2083,7.959064,699,3488,4187,Sedang
2011-10-25,Winter,0,10,0,2,1,Clear,0.471667,62.291700000000006,11.166086,695,3992,4687,Sedang
2011-10-26,Winter,0,10,0,3,1,Cloudy,0.484167,72.04169999999999,9.959014,404,3490,3894,Sedang
2011-10-27,Winter,0,10,0,4,1,Cloudy,0.47,81.2917,13.250121,240,2419,2659,Sedang
2011-10-28,Winter,0,10,0,5,1,Cloudy,0.330833,58.58330000000001,15.375093,456,3291,3747,Sedang
2011-10-29,Winter,0,10,0,6,0,Light Rain/Snow,0.254167,88.25,23.541857,57,570,627,Rendah
2011-10-30,Winter,0,10,0,0,0,Clear,0.319167,62.375,11.833339,885,2446,3331,Sedang
2011-10-31,Winter,0,10,0,1,1,Clear,0.34,70.3333,7.12545,362,3307,3669,Sedang
2011-11-01,Winter,0,11,0,2,1,Clear,0.400833,68.375,9.083257,410,3658,4068,Sedang
2011-11-02,Winter,0,11,0,3,1,Clear,0.3775,71.875,5.5001439,370,3816,4186,Sedang
2011-11-03,Winter,0,11,0,4,1,Clear,0.408333,70.20830000000001,9.166739,318,3656,3974,Sedang
2011-11-04,Winter,0,11,0,5,1,Cloudy,0.403333,62.25000000000001,18.209193,470,3576,4046,Sedang
2011-11-05,Winter,0,11,0,6,0,Clear,0.326667,51.916700000000006,12.667154,1156,2770,3926,Sedang
2011-11-06,Winter,0,11,0,0,0,Clear,0.348333,73.4583,6.1676314,952,2697,3649,Sedang
2011-11-07,Winter,0,11,0,1,1,Clear,0.395,75.875,3.834075,373,3662,4035,Sedang
2011-11-08,Winter,0,11,0,2,1,Clear,0.408333,72.16669999999999,4.6255125,376,3829,4205,Sedang
2011-11-09,Winter,0,11,0,3,1,Clear,0.4,75.83330000000001,4.1671186,305,3804,4109,Sedang
2011-11-10,Winter,0,11,0,4,1,Cloudy,0.38,81.3333,12.667489000000002,190,2743,2933,Sedang
2011-11-11,Winter,0,11,1,5,0,Clear,0.324167,44.625,21.083225,440,2928,3368,Sedang
2011-11-12,Winter,0,11,0,6,0,Clear,0.356667,55.2917,14.208154,1275,2792,4067,Sedang
2011-11-13,Winter,0,11,0,0,0,Clear,0.440833,45.8333,18.875307,1004,2713,3717,Sedang
2011-11-14,Winter,0,11,0,1,1,Clear,0.53,58.7083,20.541932,595,3891,4486,Sedang
2011-11-15,Winter,0,11,0,2,1,Cloudy,0.53,68.875,13.375411,449,3746,4195,Sedang
2011-11-16,Winter,0,11,0,3,1,Light Rain/Snow,0.456667,93.0,9.167543,145,1672,1817,Rendah
2011-11-17,Winter,0,11,0,4,1,Cloudy,0.341667,57.5833,20.459254,139,2914,3053,Sedang
2011-11-18,Winter,0,11,0,5,1,Clear,0.274167,41.0,11.291711,245,3147,3392,Sedang
2011-11-19,Winter,0,11,0,6,0,Clear,0.329167,50.208299999999994,15.041232,943,2720,3663,Sedang
2011-11-20,Winter,0,11,0,0,0,Cloudy,0.463333,68.45830000000001,12.45865,787,2733,3520,Sedang
2011-11-21,Winter,0,11,0,1,1,Light Rain/Snow,0.4475,91.0,9.249618,220,2545,2765,Sedang
2011-11-22,Winter,0,11,0,2,1,Light Rain/Snow,0.416667,96.25,7.959064,69,1538,1607,Rendah
2011-11-23,Winter,0,11,0,3,1,Cloudy,0.440833,75.79169999999999,22.500275,112,2454,2566,Sedang
2011-11-24,Winter,0,11,1,4,0,Clear,0.373333,54.9167,11.209368000000001,560,935,1495,Rendah
2011-11-25,Winter,0,11,0,5,1,Clear,0.375,64.375,6.6260186,1095,1697,2792,Sedang
2011-11-26,Winter,0,11,0,6,0,Clear,0.375833,68.1667,4.5841936,1249,1819,3068,Sedang
2011-11-27,Winter,0,11,0,0,0,Clear,0.459167,69.8333,13.999918,810,2261,3071,Sedang
2011-11-28,Winter,0,11,0,1,1,Clear,0.503478,74.3043,9.522174,253,3614,3867,Sedang
2011-11-29,Winter,0,11,0,2,1,Cloudy,0.458333,83.08330000000001,17.292164,96,2818,2914,Sedang
2011-11-30,Winter,0,11,0,3,1,Clear,0.325,61.3333,18.167586,188,3425,3613,Sedang
2011-12-01,Winter,0,12,0,4,1,Clear,0.3125,52.4583,14.750586,182,3545,3727,Sedang
2011-12-02,Winter,0,12,0,5,1,Clear,0.314167,62.583299999999994,6.750518,268,3672,3940,Sedang
2011-12-03,Winter,0,12,0,6,0,Clear,0.299167,61.291700000000006,6.4174811,706,2908,3614,Sedang
2011-12-04,Winter,0,12,0,0,0,Clear,0.330833,77.5833,5.6252061,634,2851,3485,Sedang
2011-12-05,Winter,0,12,0,1,1,Cloudy,0.385833,82.70830000000001,4.1679561000000005,233,3578,3811,Sedang
2011-12-06,Winter,0,12,0,2,1,Light Rain/Snow,0.4625,94.9583,15.583061,126,2468,2594,Sedang
2011-12-07,Winter,0,12,0,3,1,Light Rain/Snow,0.41,97.04169999999999,17.833725,50,655,705,Rendah
2011-12-08,Winter,0,12,0,4,1,Clear,0.265833,57.99999999999999,16.083886,150,3172,3322,Sedang
2011-12-09,Winter,0,12,0,5,1,Clear,0.290833,69.58330000000001,5.5420189,261,3359,3620,Sedang
2011-12-10,Winter,0,12,0,6,0,Clear,0.275,50.74999999999999,15.625807,502,2688,3190,Sedang
2011-12-11,Winter,0,12,0,0,0,Clear,0.220833,49.0,4.458293899999999,377,2366,2743,Sedang
2011-12-12,Winter,0,12,0,1,1,Clear,0.238333,67.08330000000001,4.251150000000001,143,3167,3310,Sedang
2011-12-13,Winter,0,12,0,2,1,Clear,0.2825,59.0,9.41685,155,3368,3523,Sedang
2011-12-14,Winter,0,12,0,3,1,Cloudy,0.3175,66.375,4.0842061,178,3562,3740,Sedang
2011-12-15,Winter,0,12,0,4,1,Cloudy,0.4225,63.416700000000006,17.958814,181,3528,3709,Sedang
2011-12-16,Winter,0,12,0,5,1,Cloudy,0.375,50.0417,17.458525,178,3399,3577,Sedang
2011-12-17,Winter,0,12,0,6,0,Cloudy,0.258333,56.0833,16.292189,275,2464,2739,Sedang
2011-12-18,Winter,0,12,0,0,0,Clear,0.238333,58.62500000000001,11.375193000000001,220,2211,2431,Sedang
2011-12-19,Winter,0,12,0,1,1,Clear,0.276667,63.74999999999999,11.584031999999999,260,3143,3403,Sedang
2011-12-20,Winter,0,12,0,2,1,Cloudy,0.385833,59.5417,4.1252436,216,3534,3750,Sedang
2011-12-21,Spring,0,12,0,3,1,Cloudy,0.428333,85.83330000000001,14.8338,107,2553,2660,Sedang
2011-12-22,Spring,0,12,0,4,1,Cloudy,0.423333,75.75,3.1674249999999997,227,2841,3068,Sedang
2011-12-23,Spring,0,12,0,5,1,Clear,0.373333,68.625,18.374482,163,2046,2209,Sedang
2011-12-24,Spring,0,12,0,6,0,Clear,0.3025,54.25,12.750368,155,856,1011,Rendah
2011-12-25,Spring,0,12,0,0,0,Clear,0.274783,68.13040000000001,10.391097,303,451,754,Rendah
2011-12-26,Spring,0,12,1,1,0,Clear,0.321739,50.6957,16.044155,430,887,1317,Rendah
2011-12-27,Spring,0,12,0,2,1,Cloudy,0.325,76.25,12.62615,103,1059,1162,Rendah
2011-12-28,Spring,0,12,0,3,1,Clear,0.29913,50.39130000000001,19.695386999999997,255,2047,2302,Sedang
2011-12-29,Spring,0,12,0,4,1,Clear,0.248333,57.4167,8.000604000000001,254,2169,2423,Sedang
2011-12-30,Spring,0,12,0,5,1,Clear,0.311667,63.6667,9.000579,491,2508,2999,Sedang
2011-12-31,Spring,0,12,0,6,0,Clear,0.41,61.583299999999994,14.750318,665,1820,2485,Sedang
2012-01-01,Spring,1,1,0,0,0,Clear,0.37,69.25,12.875189,686,1608,2294,Sedang
2012-01-02,Spring,1,1,1,1,0,Clear,0.273043,38.130399999999995,22.087555,244,1707,1951,Rendah
2012-01-03,Spring,1,1,0,2,1,Clear,0.15,44.125,24.499957000000002,89,2147,2236,Sedang
2012-01-04,Spring,1,1,0,3,1,Cloudy,0.1075,41.4583,12.3749,95,2273,2368,Sedang
2012-01-05,Spring,1,1,0,4,1,Clear,0.265833,52.416700000000006,8.709128999999999,140,3132,3272,Sedang
2012-01-06,Spring,1,1,0,5,1,Clear,0.334167,54.2083,11.249836,307,3791,4098,Sedang
2012-01-07,Spring,1,1,0,6,0,Clear,0.393333,53.1667,11.708786,1070,3451,4521,Sedang
2012-01-08,Spring,1,1,0,0,0,Clear,0.3375,46.5,12.833314,599,2826,3425,Sedang
2012-01-09,Spring,1,1,0,1,1,Cloudy,0.224167,70.1667,6.6263000000000005,106,2270,2376,Sedang
2012-01-10,Spring,1,1,0,2,1,Clear,0.308696,64.65220000000001,12.565984,173,3425,3598,Sedang
2012-01-11,Spring,1,1,0,3,1,Cloudy,0.274167,84.75,8.791807,92,2085,2177,Sedang
2012-01-12,Spring,1,1,0,4,1,Cloudy,0.3825,80.2917,12.124789,269,3828,4097,Sedang
2012-01-13,Spring,1,1,0,5,1,Clear,0.274167,50.74999999999999,25.333236,174,3040,3214,Sedang
2012-01-14,Spring,1,1,0,6,0,Clear,0.18,45.75,12.541260999999999,333,2160,2493,Sedang
2012-01-15,Spring,1,1,0,0,0,Clear,0.166667,41.9167,16.834286,284,2027,2311,Sedang
2012-01-16,Spring,1,1,1,1,0,Clear,0.19,52.25,15.500986000000001,217,2081,2298,Sedang
2012-01-17,Spring,1,1,0,2,1,Cloudy,0.373043,71.6087,23.39171,127,2808,2935,Sedang
2012-01-18,Spring,1,1,0,3,1,Clear,0.303333,44.333299999999994,27.833743,109,3267,3376,Sedang
2012-01-19,Spring,1,1,0,4,1,Clear,0.19,49.75,14.750586,130,3162,3292,Sedang
2012-01-20,Spring,1,1,0,5,1,Cloudy,0.2175,45.0,13.58425,115,3048,3163,Sedang
2012-01-21,Spring,1,1,0,6,0,Cloudy,0.173333,83.125,14.917014,67,1234,1301,Rendah
2012-01-22,Spring,1,1,0,0,0,Cloudy,0.1625,79.625,13.375746000000001,196,1781,1977,Rendah
2012-01-23,Spring,1,1,0,1,1,Cloudy,0.218333,91.125,7.417436,145,2287,2432,Sedang
2012-01-24,Spring,1,1,0,2,1,Clear,0.3425,83.58330000000001,8.292389,439,3900,4339,Sedang
2012-01-25,Spring,1,1,0,3,1,Clear,0.294167,64.375,10.791756999999999,467,3803,4270,Sedang
2012-01-26,Spring,1,1,0,4,1,Cloudy,0.341667,76.95830000000001,4.9175186,244,3831,4075,Sedang
2012-01-27,Spring,1,1,0,5,1,Cloudy,0.425,74.125,22.958689,269,3187,3456,Sedang
2012-01-28,Spring,1,1,0,6,0,Clear,0.315833,54.333299999999994,14.125542999999999,775,3248,4023,Sedang
2012-01-29,Spring,1,1,0,0,0,Clear,0.2825,31.125000000000004,16.08335,558,2685,3243,Sedang
2012-01-30,Spring,1,1,0,1,1,Clear,0.269167,40.0833,14.458064,126,3498,3624,Sedang
2012-01-31,Spring,1,1,0,2,1,Clear,0.39,41.6667,17.541739,324,4185,4509,Sedang
2012-02-01,Spring,1,2,0,3,1,Clear,0.469167,50.79169999999999,12.667489000000002,304,4275,4579,Sedang
2012-02-02,Spring,1,2,0,4,1,Cloudy,0.399167,67.29169999999999,12.541528999999999,190,3571,3761,Sedang
2012-02-03,Spring,1,2,0,5,1,Clear,0.313333,52.6667,11.959232,310,3841,4151,Sedang
2012-02-04,Spring,1,2,0,6,0,Cloudy,0.264167,77.95830000000001,8.167032,384,2448,2832,Sedang
2012-02-05,Spring,1,2,0,0,0,Cloudy,0.265833,68.7917,11.791732000000001,318,2629,2947,Sedang
2012-02-06,Spring,1,2,0,1,1,Clear,0.282609,62.2174,10.304599999999999,206,3578,3784,Sedang
2012-02-07,Spring,1,2,0,2,1,Clear,0.354167,49.625,9.874393000000001,199,4176,4375,Sedang
2012-02-08,Spring,1,2,0,3,1,Cloudy,0.256667,72.2917,8.959307,109,2693,2802,Sedang
2012-02-09,Spring,1,2,0,4,1,Clear,0.265,56.2083,13.000478999999999,163,3667,3830,Sedang
2012-02-10,Spring,1,2,0,5,1,Cloudy,0.280833,54.0,7.834243000000001,227,3604,3831,Sedang
2012-02-11,Spring,1,2,0,6,0,Light Rain/Snow,0.224167,73.125,19.416332,192,1977,2169,Sedang
2012-02-12,Spring,1,2,0,0,0,Clear,0.1275,46.4583,27.417204,73,1456,1529,Rendah
2012-02-13,Spring,1,2,0,1,1,Clear,0.2225,41.125,11.207961,94,3328,3422,Sedang
2012-02-14,Spring,1,2,0,2,1,Cloudy,0.319167,50.875,9.458993,135,3787,3922,Sedang
2012-02-15,Spring,1,2,0,3,1,Clear,0.348333,53.125,12.167200000000001,141,4028,4169,Sedang
2012-02-16,Spring,1,2,0,4,1,Cloudy,0.316667,75.29169999999999,6.125475000000001,74,2931,3005,Sedang
2012-02-17,Spring,1,2,0,5,1,Clear,0.343333,63.4583,13.791682,349,3805,4154,Sedang
2012-02-18,Spring,1,2,0,6,0,Clear,0.346667,53.4583,12.792243,1435,2883,4318,Sedang
2012-02-19,Spring,1,2,0,0,0,Cloudy,0.28,51.5833,16.958504,618,2071,2689,Sedang
2012-02-20,Spring,1,2,1,1,0,Clear,0.28,50.7826,15.348561,502,2627,3129,Sedang
2012-02-21,Spring,1,2,0,2,1,Clear,0.287826,59.434799999999996,13.783039,163,3614,3777,Sedang
2012-02-22,Spring,1,2,0,3,1,Clear,0.395833,56.7917,15.709557,394,4379,4773,Sedang
2012-02-23,Spring,1,2,0,4,1,Clear,0.454167,55.45830000000001,12.791171,516,4546,5062,Tinggi
2012-02-24,Spring,1,2,0,5,1,Cloudy,0.4075,73.75,15.916989,246,3241,3487,Sedang
2012-02-25,Spring,1,2,0,6,0,Clear,0.290833,39.5833,28.250014,317,2415,2732,Sedang
2012-02-26,Spring,1,2,0,0,0,Clear,0.279167,41.0,13.750342999999999,515,2874,3389,Sedang
2012-02-27,Spring,1,2,0,1,1,Clear,0.366667,49.0833,17.958211000000002,253,4069,4322,Sedang
2012-02-28,Spring,1,2,0,2,1,Clear,0.359167,39.5833,12.958939,229,4134,4363,Sedang
2012-02-29,Spring,1,2,0,3,1,Cloudy,0.344348,80.4783,12.000839,65,1769,1834,Rendah
2012-03-01,Spring,1,3,0,4,1,Clear,0.485833,61.5417,15.208129,325,4665,4990,Sedang
2012-03-02,Spring,1,3,0,5,1,Cloudy,0.353333,65.7083,9.708568,246,2948,3194,Sedang
2012-03-03,Spring,1,3,0,6,0,Cloudy,0.414167,62.125,10.792293,956,3110,4066,Sedang
2012-03-04,Spring,1,3,0,0,0,Clear,0.325833,40.3333,22.416257,710,2713,3423,Sedang
2012-03-05,Spring,1,3,0,1,1,Clear,0.243333,50.625,15.333486,203,3130,3333,Sedang
2012-03-06,Spring,1,3,0,2,1,Clear,0.258333,45.6667,13.458625,221,3735,3956,Sedang
2012-03-07,Spring,1,3,0,3,1,Clear,0.404167,51.3333,23.167193,432,4484,4916,Sedang
2012-03-08,Spring,1,3,0,4,1,Clear,0.5275,56.75,29.584721,486,4896,5382,Tinggi
2012-03-09,Spring,1,3,0,5,1,Cloudy,0.410833,40.708299999999994,27.7916,447,4122,4569,Sedang
2012-03-10,Spring,1,3,0,6,0,Clear,0.2875,35.0417,15.125250000000001,968,3150,4118,Sedang
2012-03-11,Spring,1,3,0,0,0,Clear,0.361739,47.6957,14.913329000000001,1658,3253,4911,Sedang
2012-03-12,Spring,1,3,0,1,1,Clear,0.466667,48.9167,13.916771,838,4460,5298,Tinggi
2012-03-13,Spring,1,3,0,2,1,Clear,0.565,61.75000000000001,15.87565,762,5085,5847,Tinggi
2012-03-14,Spring,1,3,0,3,1,Clear,0.5725,50.708299999999994,7.709154,997,5315,6312,Tinggi
2012-03-15,Spring,1,3,0,4,1,Clear,0.5575,57.958299999999994,10.042161,1005,5187,6192,Tinggi
2012-03-16,Spring,1,3,0,5,1,Cloudy,0.435833,84.20830000000001,7.583864,548,3830,4378,Sedang
2012-03-18,Spring,1,3,0,0,0,Cloudy,0.4725,81.0,8.501161,2207,3685,5892,Tinggi
2012-03-19,Spring,1,3,0,1,1,Clear,0.545,72.875,10.875238999999999,982,5171,6153,Tinggi
2012-03-20,Spring,1,3,0,2,1,Clear,0.560833,80.7917,8.125157,1051,5042,6093,Tinggi
2012-03-21,Summer,1,3,0,3,1,Cloudy,0.531667,82.125,6.000406099999999,1122,5108,6230,Tinggi
2012-03-22,Summer,1,3,0,4,1,Clear,0.554167,83.125,7.876654,1334,5537,6871,Tinggi
2012-03-24,Summer,1,3,0,6,0,Cloudy,0.5025,88.5417,12.916461,1033,2339,3372,Sedang
2012-03-25,Summer,1,3,0,0,0,Cloudy,0.4375,88.0833,14.791924999999999,1532,3464,4996,Sedang
2012-03-26,Summer,1,3,0,1,1,Clear,0.445833,47.7917,25.917007,795,4763,5558,Tinggi
2012-03-27,Summer,1,3,0,2,1,Clear,0.323333,28.999999999999996,12.541864,531,4571,5102,Tinggi
2012-03-28,Summer,1,3,0,3,1,Clear,0.484167,48.125,19.541957,674,5024,5698,Tinggi
2012-03-29,Summer,1,3,0,4,1,Clear,0.494167,43.9167,21.41655,834,5299,6133,Tinggi
2012-03-30,Summer,1,3,0,5,1,Cloudy,0.37,58.0833,9.250489,796,4663,5459,Tinggi
2012-04-02,Summer,1,4,0,1,1,Clear,0.433913,50.4348,20.913313,1208,4728,5936,Tinggi
2012-04-03,Summer,1,4,0,2,1,Clear,0.466667,39.6667,6.708911,1348,5424,6772,Tinggi
2012-04-04,Summer,1,4,0,3,1,Clear,0.541667,46.958299999999994,12.125325,1058,5378,6436,Tinggi
2012-04-05,Summer,1,4,0,4,1,Clear,0.435,37.416700000000006,14.708443,1192,5265,6457,Tinggi
2012-04-06,Summer,1,4,0,5,1,Clear,0.403333,37.7083,20.125996,1807,4653,6460,Tinggi
2012-04-08,Summer,1,4,0,0,0,Clear,0.5,27.5833,15.583931999999999,2230,2939,5169,Tinggi
2012-04-09,Summer,1,4,0,1,1,Clear,0.489167,31.75,23.999132,905,4680,5585,Tinggi
2012-04-10,Summer,1,4,0,2,1,Clear,0.446667,43.5,16.708125000000003,819,5099,5918,Tinggi
2012-04-11,Summer,1,4,0,3,1,Clear,0.348696,46.9565,19.783358,482,4380,4862,Sedang
2012-04-12,Summer,1,4,0,4,1,Clear,0.3975,46.625,19.458743,663,4746,5409,Tinggi
2012-04-13,Summer,1,4,0,5,1,Clear,0.4425,40.8333,10.416557,1252,5146,6398,Tinggi
2012-04-16,Summer,1,4,1,1,0,Clear,0.664167,56.166700000000006,19.083543,1198,5172,6370,Tinggi
2012-04-17,Summer,1,4,0,2,1,Clear,0.608333,39.0417,18.333143,989,5702,6691,Tinggi
2012-04-18,Summer,1,4,0,3,1,Cloudy,0.463333,56.9167,11.250104,347,4020,4367,Sedang
2012-04-19,Summer,1,4,0,4,1,Clear,0.498333,61.25000000000001,4.417256399999999,846,5719,6565,Tinggi
2012-04-20,Summer,1,4,0,5,1,Clear,0.526667,69.4583,10.041357,1340,5950,7290,Tinggi
2012-04-22,Summer,1,4,0,0,0,Light Rain/Snow,0.396667,83.54169999999999,23.084582,120,907,1027,Rendah
2012-04-23,Summer,1,4,0,1,1,Cloudy,0.321667,76.66669999999999,20.334232,195,3019,3214,Sedang
2012-04-24,Summer,1,4,0,2,1,Clear,0.413333,45.4167,16.708661,518,5115,5633,Tinggi
2012-04-25,Summer,1,4,0,3,1,Clear,0.476667,42.7917,7.959064,655,5541,6196,Tinggi
2012-04-26,Summer,1,4,0,4,1,Cloudy,0.498333,75.66669999999999,11.833875,475,4551,5026,Tinggi
2012-04-27,Summer,1,4,0,5,1,Clear,0.4575,40.0833,23.291411,1014,5219,6233,Tinggi
2012-04-28,Summer,1,4,0,6,0,Cloudy,0.376667,48.9583,8.708325,1120,3100,4220,Sedang
2012-04-29,Summer,1,4,0,0,0,Clear,0.458333,58.7083,7.8328359999999995,2229,4075,6304,Tinggi
2012-04-30,Summer,1,4,0,1,1,Cloudy,0.464167,56.99999999999999,11.499746,665,4907,5572,Tinggi
2012-05-01,Summer,1,5,0,2,1,Cloudy,0.613333,65.95830000000001,10.458432,653,5087,5740,Tinggi
2012-05-02,Summer,1,5,0,3,1,Clear,0.564167,79.7083,9.249885999999998,667,5502,6169,Tinggi
2012-05-03,Summer,1,5,0,4,1,Cloudy,0.56,76.83330000000001,8.957632,764,5657,6421,Tinggi
2012-05-04,Summer,1,5,0,5,1,Clear,0.6275,73.54169999999999,10.916846,1069,5227,6296,Tinggi
2012-05-06,Summer,1,5,0,0,0,Cloudy,0.5625,74.0,10.041893,2135,4224,6359,Tinggi
2012-05-07,Summer,1,5,0,1,1,Cloudy,0.5375,66.41669999999999,15.458307000000001,1008,5265,6273,Tinggi
2012-05-08,Summer,1,5,0,2,1,Cloudy,0.581667,68.58330000000001,19.833942999999998,738,4990,5728,Tinggi
2012-05-09,Summer,1,5,0,3,1,Cloudy,0.575,74.4167,14.499604,620,4097,4717,Sedang
2012-05-10,Summer,1,5,0,4,1,Clear,0.505833,55.2083,21.042220999999998,1026,5546,6572,Tinggi
2012-05-11,Summer,1,5,0,5,1,Clear,0.533333,36.0417,15.874779,1319,5711,7030,Tinggi
2012-05-13,Summer,1,5,0,0,0,Clear,0.6125,57.62500000000001,15.082839,2172,3946,6118,Tinggi
2012-05-14,Summer,1,5,0,1,1,Cloudy,0.573333,78.95830000000001,14.250364,342,2501,2843,Sedang
2012-05-15,Summer,1,5,0,2,1,Cloudy,0.611667,79.45830000000001,9.875264,625,4490,5115,Tinggi
2012-05-16,Summer,1,5,0,3,1,Clear,0.636667,69.7917,8.208304,991,6433,7424,Tinggi
2012-05-17,Summer,1,5,0,4,1,Clear,0.593333,52.0,15.374825000000001,1242,6142,7384,Tinggi
2012-05-18,Summer,1,5,0,5,1,Clear,0.564167,52.33330000000001,9.166739,1521,6118,7639,Tinggi
2012-05-21,Summer,1,5,0,1,1,Cloudy,0.598333,81.125,15.624668,630,3729,4359,Sedang
2012-05-22,Summer,1,5,0,2,1,Cloudy,0.615,76.5833,7.917189,819,5254,6073,Tinggi
2012-05-23,Summer,1,5,0,3,1,Cloudy,0.621667,77.45830000000001,6.834,766,4494,5260,Tinggi
2012-05-24,Summer,1,5,0,4,1,Clear,0.655,71.6667,11.584031999999999,1059,5711,6770,Tinggi
2012-05-25,Summer,1,5,0,5,1,Clear,0.68,74.70830000000001,9.41685,1417,5317,6734,Tinggi
2012-05-29,Summer,1,5,0,2,1,Clear,0.7225,68.45830000000001,19.7918,880,4863,5743,Tinggi
2012-05-30,Summer,1,5,0,3,1,Cloudy,0.656667,67.0,9.000043,745,6110,6855,Tinggi
2012-05-31,Summer,1,5,0,4,1,Clear,0.68,49.2917,13.083693,1100,6238,7338,Tinggi
2012-06-01,Summer,1,6,0,5,1,Cloudy,0.654167,75.5417,15.916720999999999,533,3594,4127,Sedang
2012-06-04,Summer,1,6,0,1,1,Clear,0.5975,48.7083,19.083811,1071,5927,6998,Tinggi
2012-06-05,Summer,1,6,0,2,1,Cloudy,0.540833,61.3333,14.041525,968,6033,7001,Tinggi
2012-06-06,Summer,1,6,0,3,1,Clear,0.554167,61.12499999999999,5.167375,1027,6028,7055,Tinggi
2012-06-07,Summer,1,6,0,4,1,Clear,0.6025,56.7083,10.542449999999999,1038,6456,7494,Tinggi
2012-06-08,Summer,1,6,0,5,1,Clear,0.649167,46.791700000000006,11.750661000000001,1488,6248,7736,Tinggi
2012-06-10,Summer,1,6,0,0,0,Clear,0.726667,53.833299999999994,8.959307,2224,4374,6598,Tinggi
2012-06-11,Summer,1,6,0,1,1,Cloudy,0.720833,58.791700000000006,13.916771,1017,5647,6664,Tinggi
2012-06-12,Summer,1,6,0,2,1,Cloudy,0.653333,83.3333,14.374581999999998,477,4495,4972,Sedang
2012-06-13,Summer,1,6,0,3,1,Clear,0.655833,58.2083,22.999693,1173,6248,7421,Tinggi
2012-06-14,Summer,1,6,0,4,1,Clear,0.648333,56.958299999999994,17.000111,1180,6183,7363,Tinggi
2012-06-15,Summer,1,6,0,5,1,Clear,0.639167,58.958299999999994,11.833339,1563,6102,7665,Tinggi
2012-06-18,Summer,1,6,0,1,1,Cloudy,0.568333,77.79169999999999,11.707982000000001,653,4446,5099,Tinggi
2012-06-19,Summer,1,6,0,2,1,Clear,0.688333,69.0,9.917139,968,5857,6825,Tinggi
2012-06-20,Summer,1,6,0,3,1,Clear,0.7825,59.2083,7.625404,872,5339,6211,Tinggi
2012-06-21,Fall,1,6,0,4,1,Clear,0.805833,56.7917,7.958729,778,5127,5905,Tinggi
2012-06-22,Fall,1,6,0,5,1,Clear,0.7775,57.375,12.250414000000001,964,4859,5823,Tinggi
2012-06-25,Fall,1,6,0,1,1,Clear,0.715833,50.416700000000006,20.125661,1139,5640,6779,Tinggi
2012-06-26,Fall,1,6,0,2,1,Clear,0.630833,37.3333,23.292014,1077,6365,7442,Tinggi
2012-06-27,Fall,1,6,0,3,1,Clear,0.6975,36.0,18.208925,1077,6258,7335,Tinggi
2012-06-28,Fall,1,6,0,4,1,Clear,0.749167,42.25,11.50055,921,5958,6879,Tinggi
2012-06-29,Fall,1,6,0,5,1,Clear,0.834167,48.875,11.082939000000001,829,4634,5463,Tinggi
2012-06-30,Fall,1,6,0,6,0,Clear,0.765,60.12499999999999,10.791756999999999,1455,4232,5687,Tinggi
2012-07-01,Fall,1,7,0,0,0,Clear,0.815833,51.87500000000001,11.291443000000001,1421,4110,5531,Tinggi
2012-07-02,Fall,1,7,0,1,1,Clear,0.781667,44.7083,13.082889,904,5323,6227,Tinggi
2012-07-03,Fall,1,7,0,2,1,Clear,0.780833,49.2083,8.457878999999998,1052,5608,6660,Tinggi
2012-07-05,Fall,1,7,0,4,1,Clear,0.8275,45.7917,12.999943,1405,4836,6241,Tinggi
2012-07-06,Fall,1,7,0,5,1,Clear,0.828333,45.0833,9.791514,1366,4841,6207,Tinggi
2012-07-07,Fall,1,7,0,6,0,Clear,0.861667,49.2083,10.958118,1448,3392,4840,Sedang
2012-07-08,Fall,1,7,0,0,0,Clear,0.8225,57.375,8.417143,1203,3469,4672,Sedang
2012-07-09,Fall,1,7,0,1,1,Cloudy,0.710833,68.3333,12.125325,998,5571,6569,Tinggi
2012-07-10,Fall,1,7,0,2,1,Cloudy,0.720833,66.75,10.166379000000001,954,5336,6290,Tinggi
2012-07-11,Fall,1,7,0,3,1,Clear,0.716667,63.3333,10.166111,975,6289,7264,Tinggi
2012-07-12,Fall,1,7,0,4,1,Clear,0.715833,52.9583,9.833924999999999,1032,6414,7446,Tinggi
2012-07-13,Fall,1,7,0,5,1,Cloudy,0.731667,48.5833,5.41695,1511,5988,7499,Tinggi
2012-07-15,Fall,1,7,0,0,0,Clear,0.745833,71.7917,11.166689,1920,4111,6031,Tinggi
2012-07-16,Fall,1,7,0,1,1,Clear,0.763333,64.5,11.000529,1088,5742,6830,Tinggi
2012-07-17,Fall,1,7,0,2,1,Clear,0.818333,50.583299999999994,7.666743,921,5865,6786,Tinggi
2012-07-18,Fall,1,7,0,3,1,Clear,0.793333,57.7083,9.208614,799,4914,5713,Tinggi
2012-07-19,Fall,1,7,0,4,1,Clear,0.77,60.0417,11.083743,888,5703,6591,Tinggi
2012-07-20,Fall,1,7,0,5,1,Cloudy,0.665833,84.4167,14.000789000000001,747,5123,5870,Tinggi
2012-07-21,Fall,1,7,0,6,0,Light Rain/Snow,0.595833,86.5417,14.2911,1264,3195,4459,Sedang
2012-07-23,Fall,1,7,0,1,1,Clear,0.741667,69.41669999999999,9.291761,1135,5831,6966,Tinggi
2012-07-24,Fall,1,7,0,2,1,Clear,0.750833,65.5,14.167418,1140,6452,7592,Tinggi
2012-07-25,Fall,1,7,0,3,1,Clear,0.724167,45.0,11.0416,1383,6790,8173,
2012-07-26,Fall,1,7,0,4,1,Clear,0.776667,59.66669999999999,19.082470999999998,1036,5825,6861,Tinggi
2012-07-27,Fall,1,7,0,5,1,Clear,0.781667,59.458299999999994,10.250464,1259,5645,6904,Tinggi
2012-07-28,Fall,1,7,0,6,0,Clear,0.755833,61.3333,10.542449999999999,2234,4451,6685,Tinggi
2012-07-29,Fall,1,7,0,0,0,Clear,0.721667,62.375,11.416532,2153,4444,6597,Tinggi
2012-07-30,Fall,1,7,0,1,1,Clear,0.730833,66.875,10.292339,1040,6065,7105,Tinggi
2012-07-31,Fall,1,7,0,2,1,Clear,0.713333,70.41669999999999,11.083475,968,6248,7216,Tinggi
2012-08-01,Fall,1,8,0,3,1,Clear,0.7175,67.75,9.458993,1074,6506,7580,Tinggi
2012-08-02,Fall,1,8,0,4,1,Clear,0.7525,65.95830000000001,8.666718,983,6278,7261,Tinggi
2012-08-03,Fall,1,8,0,5,1,Cloudy,0.765833,64.25,14.458064,1328,5847,7175,Tinggi
2012-08-05,Fall,1,8,0,0,0,Clear,0.769167,65.25,19.458206999999998,1707,3757,5464,Tinggi
2012-08-06,Fall,1,8,0,1,1,Cloudy,0.7525,65.4167,8.666718,1233,5780,7013,Tinggi
2012-08-07,Fall,1,8,0,2,1,Cloudy,0.735833,70.375,7.8328359999999995,1278,5995,7273,Tinggi
2012-08-08,Fall,1,8,0,3,1,Cloudy,0.75,67.29169999999999,7.4169,1263,6271,7534,Tinggi
2012-08-09,Fall,1,8,0,4,1,Clear,0.755833,62.0417,10.458699999999999,1196,6090,7286,Tinggi
2012-08-10,Fall,1,8,0,5,1,Cloudy,0.715833,71.58330000000001,16.000471,1065,4721,5786,Tinggi
2012-08-11,Fall,1,8,0,6,0,Cloudy,0.6925,73.2917,13.834093,2247,4052,6299,Tinggi
2012-08-12,Fall,1,8,0,0,0,Clear,0.700833,53.041700000000006,8.208304,2182,4362,6544,Tinggi
2012-08-13,Fall,1,8,0,1,1,Clear,0.720833,54.541700000000006,9.126204,1207,5676,6883,Tinggi
2012-08-14,Fall,1,8,0,2,1,Clear,0.726667,68.6667,11.333586,1128,5656,6784,Tinggi
2012-08-15,Fall,1,8,0,3,1,Clear,0.706667,61.9583,11.374657000000001,1198,6149,7347,Tinggi
2012-08-16,Fall,1,8,0,4,1,Clear,0.719167,51.916700000000006,9.500332,1338,6267,7605,Tinggi
2012-08-17,Fall,1,8,0,5,1,Clear,0.723333,57.0833,15.500718,1483,5665,7148,Tinggi
2012-08-19,Fall,1,8,0,0,0,Cloudy,0.635833,71.1667,5.79215,1208,3341,4549,Sedang
2012-08-20,Fall,1,8,0,1,1,Cloudy,0.635833,73.4167,8.708593,1026,5504,6530,Tinggi
2012-08-21,Fall,1,8,0,2,1,Clear,0.649167,67.375,4.8756436,1081,5925,7006,Tinggi
2012-08-22,Fall,1,8,0,3,1,Clear,0.6675,67.7083,4.708981100000001,1094,6281,7375,Tinggi
2012-08-23,Fall,1,8,0,4,1,Clear,0.695833,63.5833,5.6679186,1363,6402,7765,Tinggi
2012-08-24,Fall,1,8,0,5,1,Cloudy,0.7025,61.5,4.8337686,1325,6257,7582,Tinggi
2012-08-25,Fall,1,8,0,6,0,Cloudy,0.661667,71.2917,16.375336,1829,4224,6053,Tinggi
2012-08-26,Fall,1,8,0,0,0,Cloudy,0.653333,84.5833,15.333486,1483,3772,5255,Tinggi
2012-08-27,Fall,1,8,0,1,1,Clear,0.703333,73.04169999999999,8.625110999999999,989,5928,6917,Tinggi
2012-08-28,Fall,1,8,0,2,1,Clear,0.728333,62.0,12.791975,935,6105,7040,Tinggi
2012-08-29,Fall,1,8,0,3,1,Clear,0.685,55.2083,7.541653999999999,1177,6520,7697,Tinggi
2012-08-30,Fall,1,8,0,4,1,Clear,0.706667,59.0417,5.1668189,1172,6541,7713,Tinggi
2012-08-31,Fall,1,8,0,5,1,Clear,0.764167,58.75,11.291711,1433,5917,7350,Tinggi
2012-09-03,Fall,1,9,1,1,0,Clear,0.7075,79.0833,10.125107,1965,4069,6034,Tinggi
2012-09-04,Fall,1,9,0,2,1,Clear,0.725833,75.5,15.833507,867,5997,6864,Tinggi
2012-09-05,Fall,1,9,0,3,1,Clear,0.736667,74.125,12.583136,832,6280,7112,Tinggi
2012-09-06,Fall,1,9,0,4,1,Cloudy,0.696667,81.0417,9.542207,611,5592,6203,Tinggi
2012-09-07,Fall,1,9,0,5,1,Clear,0.703333,73.625,11.500282,1045,6459,7504,Tinggi
2012-09-08,Fall,1,9,0,6,0,Cloudy,0.659167,79.91669999999999,18.833968000000002,1557,4419,5976,Tinggi
2012-09-10,Fall,1,9,0,1,1,Clear,0.583333,50.375,17.333771000000002,1118,6407,7525,Tinggi
2012-09-11,Fall,1,9,0,2,1,Clear,0.5775,52.0,6.1676314,1070,6697,7767,Tinggi
2012-09-12,Fall,1,9,0,3,1,Clear,0.599167,57.7083,8.833682,1050,6820,7870,Tinggi
2012-09-13,Fall,1,9,0,4,1,Clear,0.6125,63.708299999999994,5.5422936,1054,6750,7804,Tinggi
2012-09-14,Fall,1,9,0,5,1,Clear,0.633333,67.25,6.9588209999999995,1379,6630,8009,
2012-09-16,Fall,1,9,0,0,0,Clear,0.58,56.99999999999999,6.042281099999999,2166,5167,7333,Tinggi
2012-09-17,Fall,1,9,0,1,1,Cloudy,0.580833,73.4583,10.166713999999999,1022,5847,6869,Tinggi
2012-09-18,Fall,1,9,0,2,1,Cloudy,0.623333,87.25,23.958329,371,3702,4073,Sedang
2012-09-19,Fall,1,9,0,3,1,Clear,0.5525,53.6667,14.416725,788,6803,7591,Tinggi
2012-09-20,Fall,1,9,0,4,1,Clear,0.546667,61.8333,7.917189,939,6781,7720,Tinggi
2012-09-21,Fall,1,9,0,5,1,Clear,0.599167,66.875,10.333343000000001,1250,6917,8167,
2012-09-24,Winter,1,9,0,1,1,Clear,0.514167,49.2917,9.541068000000001,1001,6435,7436,Tinggi
2012-09-25,Winter,1,9,0,2,1,Clear,0.55,56.99999999999999,15.833507,845,6693,7538,Tinggi
2012-09-26,Winter,1,9,0,3,1,Clear,0.635,63.083299999999994,16.3748,787,6946,7733,Tinggi
2012-09-27,Winter,1,9,0,4,1,Cloudy,0.65,69.08330000000001,9.000914,751,6642,7393,Tinggi
2012-09-28,Winter,1,9,0,5,1,Cloudy,0.619167,69.0,10.999993,1045,6370,7415,Tinggi
2012-09-30,Winter,1,9,0,0,0,Clear,0.526667,58.3333,9.042186,2015,4874,6889,Tinggi
2012-10-01,Winter,1,10,0,1,1,Cloudy,0.520833,64.9167,6.0838814,763,6015,6778,Tinggi
2012-10-02,Winter,1,10,0,2,1,Light Rain/Snow,0.590833,87.16669999999999,6.9998249999999995,315,4324,4639,Sedang
2012-10-03,Winter,1,10,0,3,1,Cloudy,0.6575,79.375,4.4585686,728,6844,7572,Tinggi
2012-10-04,Winter,1,10,0,4,1,Cloudy,0.6575,72.2917,7.875582,891,6437,7328,Tinggi
2012-10-05,Winter,1,10,0,5,1,Clear,0.615,62.74999999999999,7.12545,1516,6640,8156,
2012-10-07,Winter,1,10,0,0,0,Cloudy,0.415833,70.8333,9.457854000000001,781,2729,3510,Sedang
2012-10-08,Winter,1,10,1,1,0,Cloudy,0.383333,70.9583,12.708492999999999,874,4604,5478,Tinggi
2012-10-09,Winter,1,10,0,2,1,Cloudy,0.446667,76.16669999999999,12.7501,601,5791,6392,Tinggi
2012-10-10,Winter,1,10,0,3,1,Clear,0.514167,63.083299999999994,12.584007,780,6911,7691,Tinggi
2012-10-11,Winter,1,10,0,4,1,Clear,0.435,46.3333,12.166932000000001,834,6736,7570,Tinggi
2012-10-12,Winter,1,10,0,5,1,Clear,0.4375,53.91669999999999,15.751164,1060,6222,7282,Tinggi
2012-10-13,Winter,1,10,0,6,0,Clear,0.393333,49.4583,9.791514,2252,4857,7109,Tinggi
2012-10-14,Winter,1,10,0,0,0,Clear,0.521667,64.0417,18.667004000000002,2080,4559,6639,Tinggi
2012-10-15,Winter,1,10,0,1,1,Cloudy,0.561667,70.75,19.834478999999998,760,5115,5875,Tinggi
2012-10-16,Winter,1,10,0,2,1,Clear,0.468333,55.833299999999994,12.208807,922,6612,7534,Tinggi
2012-10-17,Winter,1,10,0,3,1,Clear,0.455833,69.2917,6.791857,979,6482,7461,Tinggi
2012-10-18,Winter,1,10,0,4,1,Cloudy,0.5225,72.8333,15.874779,1008,6501,7509,Tinggi
2012-10-19,Winter,1,10,0,5,1,Cloudy,0.563333,81.5,9.041917999999999,753,4671,5424,Tinggi
2012-10-21,Winter,1,10,0,0,0,Clear,0.464167,51.0,11.125618000000001,2132,4692,6824,Tinggi
2012-10-22,Winter,1,10,0,1,1,Clear,0.4875,56.833299999999994,5.4593811,830,6228,7058,Tinggi
2012-10-23,Winter,1,10,0,2,1,Clear,0.544167,64.16669999999999,6.3345686,841,6625,7466,Tinggi
2012-10-24,Winter,1,10,0,3,1,Clear,0.5875,63.625,4.8762064,795,6898,7693,Tinggi
2012-10-25,Winter,1,10,0,4,1,Cloudy,0.55,80.0417,8.333125,875,6484,7359,Tinggi
2012-10-26,Winter,1,10,0,5,1,Cloudy,0.545833,80.7083,8.875289,1182,6262,7444,Tinggi
2012-10-28,Winter,1,10,0,0,0,Cloudy,0.4775,69.4583,26.666535999999997,998,3461,4459,Sedang
2012-10-29,Winter,1,10,0,1,1,Light Rain/Snow,0.44,88.0,23.9994,2,20,22,Rendah
2012-10-30,Winter,1,10,0,2,1,Cloudy,0.318182,82.5455,14.271603,87,1009,1096,Rendah
2012-10-31,Winter,1,10,0,3,1,Cloudy,0.3575,66.6667,11.166689,419,5147,5566,Tinggi
2012-11-01,Winter,1,11,0,4,1,Cloudy,0.365833,58.166700000000006,10.542182,466,5520,5986,Tinggi
2012-11-02,Winter,1,11,0,5,1,Clear,0.355,52.208299999999994,17.833725,618,5229,5847,Tinggi
2012-11-03,Winter,1,11,0,6,0,Cloudy,0.343333,49.125,18.125443,1029,4109,5138,Tinggi
2012-11-04,Winter,1,11,0,0,0,Clear,0.325833,53.2917,12.000236,1201,3906,5107,Tinggi
2012-11-05,Winter,1,11,0,1,1,Clear,0.319167,49.416700000000006,15.833775000000001,378,4881,5259,Tinggi
2012-11-06,Winter,1,11,0,2,1,Clear,0.280833,56.7083,11.625371,466,5220,5686,Tinggi
2012-11-07,Winter,1,11,0,3,1,Cloudy,0.295833,54.75,20.375236,326,4709,5035,Tinggi
2012-11-08,Winter,1,11,0,4,1,Clear,0.352174,33.3478,23.304945,340,4975,5315,Tinggi
2012-11-09,Winter,1,11,0,5,1,Clear,0.361667,54.0833,14.375386,709,5283,5992,Tinggi
2012-11-10,Winter,1,11,0,6,0,Clear,0.389167,64.5417,3.8756686,2090,4446,6536,Tinggi
2012-11-12,Winter,1,11,1,1,0,Clear,0.485,74.16669999999999,11.625639,1097,5172,6269,Tinggi
2012-11-13,Winter,1,11,0,2,1,Cloudy,0.343333,66.29169999999999,22.917082,327,3767,4094,Sedang
2012-11-14,Winter,1,11,0,3,1,Clear,0.289167,55.2083,13.374875,373,5122,5495,Tinggi
2012-11-15,Winter,1,11,0,4,1,Cloudy,0.321667,62.0417,10.250129000000001,320,5125,5445,Tinggi
2012-11-16,Winter,1,11,0,5,1,Clear,0.345,52.4583,11.458675000000001,484,5214,5698,Tinggi
2012-11-17,Winter,1,11,0,6,0,Clear,0.325,54.541700000000006,12.041843,1313,4316,5629,Tinggi
2012-11-18,Winter,1,11,0,0,0,Clear,0.3425,69.2917,15.250004,922,3747,4669,Sedang
2012-11-19,Winter,1,11,0,1,1,Cloudy,0.380833,62.3333,15.749489,449,5050,5499,Tinggi
2012-11-20,Winter,1,11,0,2,1,Cloudy,0.374167,68.5,5.542575,534,5100,5634,Tinggi
2012-11-21,Winter,1,11,0,3,1,Clear,0.353333,61.375,6.917482000000001,615,4531,5146,Tinggi
2012-11-22,Winter,1,11,1,4,0,Clear,0.34,58.0417,3.5423436,955,1470,2425,Sedang
2012-11-23,Winter,1,11,0,5,1,Clear,0.368333,56.875,9.917407,1603,2307,3910,Sedang
2012-11-24,Winter,1,11,0,6,0,Clear,0.278333,40.4583,25.250357,532,1745,2277,Sedang
2012-11-25,Winter,1,11,0,0,0,Clear,0.245833,46.8333,10.083499999999999,309,2115,2424,Sedang
2012-11-26,Winter,1,11,0,1,1,Clear,0.313333,53.541700000000006,3.1255499999999996,337,4750,5087,Tinggi
2012-11-27,Winter,1,11,0,2,1,Cloudy,0.291667,78.6667,15.916654,123,3836,3959,Sedang
2012-11-28,Winter,1,11,0,3,1,Clear,0.296667,50.625,14.125007,198,5062,5260,Tinggi
2012-11-29,Winter,1,11,0,4,1,Clear,0.28087,55.565200000000004,7.739974,243,5080,5323,Tinggi
2012-11-30,Winter,1,11,0,5,1,Clear,0.298333,64.95830000000001,3.9175436,362,5306,5668,Tinggi
2012-12-01,Winter,1,12,0,6,0,Cloudy,0.298333,80.6667,4.0001814,951,4240,5191,Tinggi
2012-12-02,Winter,1,12,0,0,0,Cloudy,0.3475,82.3333,8.333393000000001,892,3757,4649,Sedang
2012-12-03,Winter,1,12,0,1,1,Clear,0.4525,76.75,5.5422936,555,5679,6234,Tinggi
2012-12-04,Winter,1,12,0,2,1,Clear,0.475833,73.375,11.666643,551,6055,6606,Tinggi
2012-12-05,Winter,1,12,0,3,1,Clear,0.438333,48.5,21.709407,331,5398,5729,Tinggi
2012-12-06,Winter,1,12,0,4,1,Clear,0.255833,50.875,11.708518,340,5035,5375,Tinggi
2012-12-07,Winter,1,12,0,5,1,Cloudy,0.320833,76.4167,8.7502,349,4659,5008,Tinggi
2012-12-08,Winter,1,12,0,6,0,Cloudy,0.381667,91.125,6.792393,1153,4429,5582,Tinggi
2012-12-09,Winter,1,12,0,0,0,Cloudy,0.384167,90.5417,10.584325,441,2787,3228,Sedang
2012-12-10,Winter,1,12,0,1,1,Cloudy,0.435833,92.5,12.750636,329,4841,5170,Tinggi
2012-12-11,Winter,1,12,0,2,1,Cloudy,0.353333,59.66669999999999,19.834478999999998,282,5219,5501,Tinggi
2012-12-12,Winter,1,12,0,3,1,Cloudy,0.2975,53.833299999999994,10.916779,310,5009,5319,Tinggi
2012-12-13,Winter,1,12,0,4,1,Clear,0.295833,48.5833,11.666643,425,5107,5532,Tinggi
2012-12-14,Winter,1,12,0,5,1,Clear,0.281667,64.29169999999999,8.792343,429,5182,5611,Tinggi
2012-12-15,Winter,1,12,0,6,0,Clear,0.324167,65.0417,7.12545,767,4280,5047,Tinggi
2012-12-16,Winter,1,12,0,0,0,Cloudy,0.3625,83.875,6.749714,538,3248,3786,Sedang
2012-12-17,Winter,1,12,0,1,1,Cloudy,0.393333,90.7083,6.583306100000001,212,4373,4585,Sedang
2012-12-18,Winter,1,12,0,2,1,Clear,0.410833,66.625,14.834067999999998,433,5124,5557,Tinggi
2012-12-19,Winter,1,12,0,3,1,Clear,0.3325,62.5417,12.334164000000001,333,4934,5267,Tinggi
2012-12-20,Winter,1,12,0,4,1,Cloudy,0.33,66.79169999999999,8.875021,314,3814,4128,Sedang
2012-12-21,Spring,1,12,0,5,1,Cloudy,0.326667,55.666700000000006,25.083661000000003,221,3402,3623,Sedang
2012-12-22,Spring,1,12,0,6,0,Clear,0.265833,44.125,27.292182,205,1544,1749,Rendah
2012-12-23,Spring,1,12,0,0,0,Clear,0.245833,51.5417,8.916561,408,1379,1787,Rendah
2012-12-24,Spring,1,12,0,1,1,Cloudy,0.231304,79.1304,5.1744368000000005,174,746,920,Rendah
2012-12-25,Spring,1,12,1,2,0,Cloudy,0.291304,73.47829999999999,11.304642,440,573,1013,Rendah
2012-12-26,Spring,1,12,0,3,1,Light Rain/Snow,0.243333,82.3333,21.208582,9,432,441,Rendah
2012-12-27,Spring,1,12,0,4,1,Cloudy,0.254167,65.29169999999999,23.458911,247,1867,2114,Sedang
2012-12-28,Spring,1,12,0,5,1,Cloudy,0.253333,59.0,10.416557,644,2451,3095,Sedang
2012-12-29,Spring,1,12,0,6,0,Cloudy,0.253333,75.29169999999999,8.333661,159,1182,1341,Rendah
2012-12-30,Spring,1,12,0,0,0,Clear,0.255833,48.3333,23.500518,364,1432,1796,Rendah
2012-12-31,Spring,1,12,0,1,1,Cloudy,0.215833,57.75,10.374682,439,2290,2729,Sedang
